<?xml version="1.0" encoding="UTF-8"?>
<project-private xmlns="http://www.netbeans.org/ns/project-private/1">
    <editor-bookmarks xmlns="http://www.netbeans.org/ns/editor-bookmarks/2" lastBookmarkId="0"/>
    <open-files xmlns="http://www.netbeans.org/ns/projectui-open-files/2">
        <group>
            <file>file:/F:/MIM/IDB/serverSideJava/webApplicationPr/Project1/src/java/Com/Emp/Info/EmployeeInfo.java</file>
            <file>file:/F:/MIM/IDB/serverSideJava/webApplicationPr/Project1/web/WEB-INF/tags/footer.tag</file>
            <file>file:/F:/MIM/IDB/serverSideJava/webApplicationPr/Project1/web/information.jsp</file>
            <file>file:/F:/MIM/IDB/serverSideJava/webApplicationPr/Project1/web/WEB-INF/web.xml</file>
            <file>file:/F:/MIM/IDB/serverSideJava/webApplicationPr/Project1/web/login.jsp</file>
            <file>file:/F:/MIM/IDB/serverSideJava/webApplicationPr/Project1/web/WEB-INF/tags/header.tag</file>
            <file>file:/F:/MIM/IDB/serverSideJava/webApplicationPr/Project1/src/java/Com/Emp/Info/Info.java</file>
            <file>file:/F:/MIM/IDB/serverSideJava/webApplicationPr/Project1/web/addInfo.jsp</file>
        </group>
    </open-files>
</project-private>
