<?xml version="1.0" encoding="UTF-8"?>
<project-private xmlns="http://www.netbeans.org/ns/project-private/1">
    <editor-bookmarks xmlns="http://www.netbeans.org/ns/editor-bookmarks/2" lastBookmarkId="0"/>
    <open-files xmlns="http://www.netbeans.org/ns/projectui-open-files/2">
        <group>
            <file>file:/F:/MIM/IDB/serverSideJava/webApplicationPr/PrimeFaces/web/index.xhtml</file>
            <file>file:/F:/MIM/IDB/serverSideJava/webApplicationPr/PrimeFaces/web/from.xhtml</file>
            <file>file:/F:/MIM/IDB/serverSideJava/webApplicationPr/PrimeFaces/web/welcomePrimefaces.xhtml</file>
            <file>file:/F:/MIM/IDB/serverSideJava/webApplicationPr/PrimeFaces/src/java/com/pojo/payRoll.java</file>
        </group>
    </open-files>
</project-private>
